,openrnn,marianmt,mbart,google,chatgpt_p1,chatgpt_p2,maritaca_p1,maritaca_p2
openrnn,1.0,0.0,1.1171208266547161e-05,0.0,0.0,0.0,0.0,0.0
marianmt,0.0,1.0,5.229150445984487e-14,0.0,0.0,0.0,0.0,3.0531133177191805e-14
mbart,1.1171208266547161e-05,5.229150445984487e-14,1.0,0.0,0.0,0.0,0.0,0.0
google,0.0,0.0,0.0,1.0,0.02989520212142338,0.9996644224650172,0.9993701776564204,0.08311201652658251
chatgpt_p1,0.0,0.0,0.0,0.02989520212142338,1.0,0.005301293265266738,0.00438652590682409,4.047219159808435e-08
chatgpt_p2,0.0,0.0,0.0,0.9996644224650172,0.005301293265266738,1.0,0.9999999999598654,0.26649579627430886
maritaca_p1,0.0,0.0,0.0,0.9993701776564204,0.00438652590682409,0.9999999999598654,1.0,0.293402268009212
maritaca_p2,0.0,3.0531133177191805e-14,0.0,0.08311201652658251,4.047219159808435e-08,0.26649579627430886,0.293402268009212,1.0
