model,average_rank
meteor_maritaca_p1,3.783333333333333
meteor_chatgpt_p1,3.8833333333333333
meteor_chatgpt_p2,4.316666666666666
meteor_google,4.333333333333333
meteor_maritaca_p2,4.883333333333334
meteor_marianmt_ft,5.766666666666667
meteor_marianmt_pt,5.9
meteor_mbart_pt,6.0
meteor_mbart_ft,6.666666666666667
meteor_openrnn_opus,9.933333333333334
meteor_openrnn_ft,10.533333333333333
