Tópico,Coerência
Tópico 0,0.41776827452863435
Tópico 1,0.3914158697582106
Tópico 2,0.33249065379605386
Tópico 3,0.39945537819890387
Média,0.38528254407045065
