model,average_rank
google,2.3754152823920265
maritaca_p2,3.079734219269103
maritaca_p1,3.4152823920265782
chatgpt_p1,3.5448504983388704
chatgpt_p2,3.913621262458472
marianmt,5.5083056478405314
mbart,6.162790697674419
openrnn,8.0
