,openrnn,marianmt,mbart,google,chatgpt_p1,chatgpt_p2,maritaca_p1,maritaca_p2
openrnn,1.0,0.0,0.0,0.0,0.0,0.0,0.0,0.0
marianmt,0.0,1.0,1.056579312153083e-06,0.0,0.0,0.002788157210912967,8.202133416901347e-10,0.006388201851460162
mbart,0.0,1.056579312153083e-06,1.0,0.0,0.0,0.0,0.0,0.0
google,0.0,0.0,0.0,1.0,0.14395589567751232,1.7763568394002505e-15,7.229431850941381e-07,2.220446049250313e-16
chatgpt_p1,0.0,0.0,0.0,0.14395589567751232,1.0,3.0290416674905174e-07,0.06612548235339222,8.289458230947844e-08
chatgpt_p2,0.0,0.002788157210912967,0.0,1.7763568394002505e-15,3.0290416674905174e-07,1.0,0.09910985206417555,0.9999988851355218
maritaca_p1,0.0,8.202133416901347e-10,0.0,7.229431850941381e-07,0.06612548235339222,0.09910985206417555,1.0,0.0547011184935523
maritaca_p2,0.0,0.006388201851460162,0.0,2.220446049250313e-16,8.289458230947844e-08,0.9999988851355218,0.0547011184935523,1.0
