,openrnn_opus,marianmt_pt,mbart_pt,google,chatgpt_p1,chatgpt_p2,maritaca_p1,maritaca_p2
openrnn_opus,1.0,0.0,0.0,0.0,0.0,0.0,0.0,0.0
marianmt_pt,0.0,1.0,0.11745635749635841,0.0,0.0,0.0,0.0,4.942712905631197e-13
mbart_pt,0.0,0.11745635749635841,1.0,0.0,0.0,0.0,0.0,0.0
google,0.0,0.0,0.0,1.0,0.004115485871077462,0.9999847213005318,0.9455863581446524,0.05470111849355275
chatgpt_p1,0.0,0.0,0.0,0.004115485871077462,1.0,0.0011537467828902637,2.4181959376035067e-05,3.6884051368701876e-10
chatgpt_p2,0.0,0.0,0.0,0.9999847213005318,0.0011537467828902637,1.0,0.9912431306228396,0.1275657953988404
maritaca_p1,0.0,0.0,0.0,0.9455863581446524,2.4181959376035067e-05,0.9912431306228396,1.0,0.5855893354242176
maritaca_p2,0.0,4.942712905631197e-13,0.0,0.05470111849355275,3.6884051368701876e-10,0.1275657953988404,0.5855893354242176,1.0
